feature,importance
away_rolling_win_rate_5,0.045081094
run_diff_diff_5,0.03186981
away_rolling_win_rate,0.029013509
away_rolling_run_diff_5,0.02567216
win_rate_diff_5,0.024846254
so9_diff,0.023768317
home_avg_whip,0.022963094
away_avg_so9,0.022640618
home_starter_bb_per_9,0.022105059
home_avg_so_per_w,0.021801515
away_rolling_runs_allowed,0.021739459
era_diff,0.02163779
home_rolling_runs_allowed,0.021289911
home_avg_era,0.021229764
away_avg_era,0.02114028
away_rolling_run_diff,0.02103783
home_starter_k_per_9,0.020844452
home_starter_whip,0.020794032
away_rolling_runs_scored,0.0206896
bullpen_fatigue_diff,0.020563643
runs_scored_diff,0.020500608
run_diff_diff,0.020417355
home_avg_so9,0.020314805
away_bullpen_appearances_3d,0.02015385
home_rolling_run_diff,0.019998213
starter_whip_diff,0.019674167
away_starter_fip_proxy,0.019644035
away_bullpen_ip_3d,0.01958928
starter_fip_diff,0.019416261
home_rolling_run_diff_5,0.019281283
away_starter_k_per_9,0.019262899
whip_diff,0.019131446
home_starter_fip_proxy,0.019127265
home_park_factor,0.01905351
home_starter_era,0.018854517
starter_era_diff,0.018777577
away_avg_whip,0.018759286
home_bullpen_ip_3d,0.018561045
away_starter_whip,0.018548207
away_starter_bb_per_9,0.018203035
away_avg_so_per_w,0.017748622
home_rolling_win_rate_5,0.017429579
home_rolling_runs_scored,0.016954828
starter_k_diff,0.016902003
win_rate_diff,0.016450938
home_rolling_win_rate,0.016247822
away_starter_era,0.015421719
home_bullpen_appearances_3d,0.014847626
is_home,0.0
park_factor_is_known,0.0
